<?xml version="1.0" encoding="UTF-8"?>
<Configuration status="INFO">
    <Appenders>
        <Console name="Console" target="SYSTEM_OUT">
            <PatternLayout pattern="%d{yyyy-MM-dd HH:mm:ss} %-5p %c{1}:%L - %m%n" />
        </Console>
              <RollingFile name="MyFile" fileName="C:\\log\\UWB\\ValidateImage.log"
            filePattern="C:\\log\\UWB\\ValidateImage-%d{MM-dd-yyyy}-%i.log">
            <PatternLayout>
                <Pattern>%d{yyyy-MM-dd HH:mm:ss} %-5p %c{1}:%L - %m%n</Pattern>
            </PatternLayout>
            <Policies>
                <TimeBasedTriggeringPolicy />
                <SizeBasedTriggeringPolicy size="10 MB"/>
            </Policies>
            <DefaultRolloverStrategy max="2000"/>
        </RollingFile>
    </Appenders>
    <Loggers>
        <Root level="debug">
            <AppenderRef ref="Console" />
            <AppenderRef ref="MyFile"/>
        </Root>
    </Loggers>
</Configuration>